2023-05-25 23:08:56,Book searched by id : 
2023-05-26 00:49:21,Returned all books from the database
2023-05-26 11:24:20,Returned all books from the database
2023-05-26 11:41:25,Returned all books from the database
2023-05-29 16:50:43,Returned all addreses from the database
2023-05-29 16:50:54,Returned all books from the database
2023-05-29 17:02:29,Added address to the database
2023-05-29 17:02:47,Returned all addreses from the database
2023-05-29 17:03:10,Added address to the database
2023-05-29 17:04:48,Returned all addreses from the database
2023-05-29 17:05:26,Added address to the database
2023-05-29 17:05:38,Returned all addreses from the database
2023-05-29 17:07:08,Book searched by id in DATABASE 
2023-05-29 17:07:26,Returned all books from the database
